body,
RT @ccvonline: We are excited to share an incredible Easter message with you this weekend! #ccveaster https://t.co/0pwf8E8la7 https://t.co/‚Ä¶,
RT @compoundchem: For Easter,
@cupcakke333 @kolhlke @Vizyonnist @santokuren @Reloki24 @Yuli_are @Aiscia81 @vandelli58 	I could eat all that chocolate! üòú	üå∑üå∑üåæüåæüåºüåº Easter,
RT @AngelsHopeInc: Make the Perfect Easter Basket for Your Dog | Victoria Stilwell Positively https://t.co/WFgANIqq3S via @victoriaS #Easter,
Ted have fun at church on Easter knowing that everyone will be starring and knowing what their thinking..burn,
Gonna go home get in bed with josh and eat Easter eggsüôÉüôÇüôÉ,
RT @ImranKhanPTI: Wishing all our Christian brethren a happy and safe Easter.,
My dad better have bought me an Easter egg or I'm not gonna be a happy bunny,
üêæüê∞Easter Egg üê£ Hunt üç≠üç¨üëÄ In FELIX ALEXIS CIRCLE TOMORROW at 3:00PM‚ùóÔ∏è	üòå #SSU	 #SSU18 #SSU19	 #SSU17 #SSU16 https://t.co/JvXGrxxcGx,
Praying for an incredible Easter service @leaveamark_ 	'Best day ever!'	Join us and bring a friend.,
RT @people: This year's Easter @Pinterest craze: bunny butt desserts‚Äîand @greatideas is hopping on board https://t.co/4WfHiY5BNP https://t.‚Ä¶,
RT @officialbskip: only time I'm easter egg hunting https://t.co/4dgvnKMmqC,
Thanks to everyone who came out to the Antioch Easter Egg Hunt &amp; Celebration next to the @FordIceCenter. Now back to the arena!,
RT @CoudreWorkroom: Scrummy hot chocolate treat today...Happy Easter Chococo @mrshayes78 @Chococotweet https://t.co/xK70h8W57T,
Great Saturday so far,
For Easter try this #tasty #lemonbar @ChristinaLarso1 @rob_crane38 @AjaKenzie @ThomasMo90 @merrit95 @API_KC https://t.co/ytM6qZUBHJ,
The Easter bunny has delivered! Happy Easter everyone. Enough eggs for 8 kids? #tcgweaster‚Ä¶ https://t.co/w8uOxnGTDk https://t.co/WdoOmF4Cr6,
10 Dazzling,
Happy Easter!!üòäüòäüòäüòä,
RT @Pundamentalism: Teaching my kids about the true meaning of Easter by rolling a huge rock in front of their bedroom door tonight.,
RT @trcas: @EuclitcheH @Koksalakn @jumasa85 @ducci46 @JeanetteEliz @memva @voicara @LOYALFAN1 TYSM Happy Easter,
Happy Easter Weekend! üêá,
RT @topherdsnacks: Follow,
RT @OFCALDUB_AUH: Snappy!	We missed you bibigirl @mainedcm Happy Easter! #MaiChardForMagnoliaIceCream @officialaldub16 @ALDUBARKADS https:/‚Ä¶,
RT @MikAoki9: Great weekend for @NDBaseball - PoG last night @doinitBIGgio23 and @_dearne today.  Happy Easter to all!  #BCGS #NDIRISH Good‚Ä¶,
RT @SparkleClubUK: FOLLOW &amp; RT. We have a Thornton's Easter Egg to giveaway this week. Simply share this tweet and you'll be entered into t‚Ä¶,
RT @MrOzAtheist: Easter Sunday. The day Jesus (allegedly) rose from the dead to bring peace on earth. 		Worked a treat.,
is any1 else not celebrating Easter and wants 2 sleep over bc thanks,
RT @ChrisMPaton: The British GENES blog: Free access to Ancestry for Easter https://t.co/UBO7zkqEK2,
RT @ComeHomeLA: Which Louisiana-made treat do you want to find in your #Easter basket? Photos by @elmerchocolate. https://t.co/mUPV5nH5QL,
Don't forget to pick up supplies for Easter! How about a bottle of mead for a hostess gift? We're open until 2:30am! https://t.co/YkYZSwDn2U,
RT @KeithEgli: While shopping for Easter dinner  remember those in need @FAMSACFoodBank,
Easter and Elvis - What could be better? Also check out... https://t.co/VJHo4rnqDu,
RT @cheshirepolice: Handy info for parents. It's against the law for children to be up eating chocolate before 9am on Easter Sunday ;o) htt‚Ä¶,
Easter Bunnies ‚ô°‚ô°‚ô°,
Celebrate easter at the #surrey easter fair March 26th https://t.co/GSDlID6Sai,
2016 Easter Egg Hunt &amp; Picnic at Hackberry Outreach Center.,
this year will be the first year I have ever decorated Easter eggs in my life,
Improving weaher Easter afternoon. @KaleeDionne will have new data on @41ActionNews 5,
HAPPY EASTER SUNDAYYY üå∏,
@Flirt4Free @KayDevon69 @Rob_Ryder @rick_washington Good luck guys and Happy Easter to all üê∞üêáüê∞üêá,
RT @ESPNMcGee: We're talking scary Easter Bunnies on @MartyandMcGee on @ESPNRadio. Call us 888-729-3776 https://t.co/kYmwriAUUz,
RT @Shafqat_Mahmood: Happy Easter to my Christian friends,
@Target I ordered an Easter gift for my son that was supposed to be here by the 24th. Still not here..&amp; won't be here for Easter. #nothappy,
Tomorrow is Easter and we have no plans üôÖüèº,
Pizza Chena and rice pie. I love Easter üê£,
RT @NigeriaNewsdesk: Easter: We‚Äùll surely deliver on change agenda ‚Äì Buhari https://t.co/nhZfsbv6Ua via @todayng https://t.co/Ku4oUk9TUz,
RT @Mineplex: EASTER GIVEAWAY!	RT &amp; Follow for a chance to win TITAN or 5 BUNNY MORPHS!	Bunny Morph Sale: https://t.co/bNMqttJM9w https://t‚Ä¶,
Join us this Monday from 11-3pm for a special post-Easter sorta-brunch. Pancakes,
@stddevn I'm very well,
RT @ObeyTriumph: Easter Advertisement for @GFuelEnergy @GammaLabs ft @ObeyKayB_ | HD: https://t.co/78lc6Z15K8 | use code 'SHIP4FREE' https:‚Ä¶,
@morleywhites Just flicked over to it,
RT @1stCentral: Tell us by midnight where Eggbert is &amp; you could #win. Winner announced on Tuesday. T&amp;Cs: https://t.co/CiJep0GEyX https://t‚Ä¶,
RT @thehill: Obama hits the links for Easter weekend https://t.co/vzbbKBESYm https://t.co/VpuJ8hqnOh,
A Modern Spin On Traditional Easter Activity For Philadelphia Church Group... https://t.co/jRzwlW963F https://t.co/ki5l4t7ya0,
Come get your growler fills today (3.26) to share with friends and family because we are closed for Easter. Take... https://t.co/sWeGbLsGdh,
Tories Burying News?Government quietly announces plans to privatise another agency https://t.co/QMmUu5VvPh,
@BillHybels DESTROYED it @WillowCreekCC for #Easter,
Had fun today,
RT @juliannehough: Easter Egg coloring time!!! Thanks momma Dobrev for including me on your family tradition! :) https://t.co/mLY4DqxItd,
RT @nypl: Grab a quirky vintage Easter card from our Digital Collections to give to family on Sunday: https://t.co/xLymwXZq4h https://t.co/‚Ä¶,
@GameGrumps  Danny,
A tremendous amount of hops died for my sins,
RT @mummyinatutu: WIN! Easter #Giveaway! #WIN this Easter DVD Bundle! FOLLOW &amp; RT #WBEaster #Competition https://t.co/0Wc0351jok https://t.‚Ä¶,
Join us @ReynoldaChurch TOMORROW for #EASTER Sunday - Union Cross @ 11; Village @ 9:30,
RT @peta2: #Easter is coming!		Please remind everyone you know that animals are NOT gifts. https://t.co/pU5qrnFjKm,
RT @ChrisMPaton: The British GENES blog: Irish Lives Remembered Easter Rising 1916 special https://t.co/dHxC5Gmyqh,
Bunny butts,
OUR EASTER WEEKEND!!!!		Sat THE BLUE SOUL	Sun LOOSE MOOSE STRING BAND	Mon JOOLS&amp;GMAN,
RT @scottbobberry: Five reasons to believe Jesus rose from the dead #easter #jesus https://t.co/gjGfWvvv33 via @Adam4d,
whats even easter¬ø¬ø¬ø idk but ppl eat chocolate eggs,
Best part about my #job : I get to keep the #broken #chocolate #easterbunny xD	Happy #easter‚Ä¶ https://t.co/G2vNPmIm63,
Easter Sunday - March 27,
#LincolnON residents,
Shopping at whole foods in total madness before Easter today and someone stole my cart full of groceries!,
Easter,
RT @RealTomHolland: Easter Weekend has Bunnies all....... https://t.co/03NVTdo9LP,
RT @LOHANTHONY: it's so sad that i didn't find out easter's tomorrow until a few hours ago,
Fear not for after darkness comes light #Easter,
@NatashaKyteGold happy Easter I fucking hate babies,
@UTheKnockOut happy easter to u and your family also!,
@In_Our_Village Thanks v much for the RT! Happy Easter x,
Royal Kettle &amp; Teapot Stand Marble Semi Precious Stone Inlay Happy Easter Gift  https://t.co/xESJlrFIYJ https://t.co/TDh135X3iR,
Join us @ReynoldaChurch TOMORROW for #EASTER Sunday - Union Cross @ 11; Village @ 9:30,
RT @theunitedmanc: Before you laugh at kids who believe in the Easter bunny,
RT @Barleylands: Our Hatchery is open over the holidays with hatching #chicks and #reptiles! #Essex https://t.co/wtcqxEr4hl https://t.co/zD‚Ä¶,
Happy Easter!!!,
RT @Ldn_Ambulance: Take care this #Easter weekend - Please only call for an ambulance in a serious or life-threatening emergency. https://t‚Ä¶,
Off one job now on to my next!! TEAM #CATCHAFADE   YALL LNOW YOU NEED FRESH HAIRCUTS FOR EASTER.... Hit me up https://t.co/cSa1gz3iWJ,
As it's Easter I decided to bake these Cadbury's Creme Egg brownies for desert! #EasterWeekend #Cadburys #cremeeggs https://t.co/wlDJSpgP4p,
RT @Cory_1077: Not Everyone Gets To 	Go Home For #EASTER https://t.co/JeO5ozVkzb,
#HeartThis Easter Bunny Salad for your #12DaysOf Easter #RecipeIdeas https://t.co/WVfEdjGnJf https://t.co/eXY86ExwzO,
This Video Of An Easter Basket Being Crushed Is Oddly Mesmerizing: Crush the chocolate bunny‚Ä¶ https://t.co/cK1FWgSXes,
Especially Needed Easter Egg Hunt! @ Craig Ranch Softball Complex https://t.co/HSiSmWxlar,
Hahahah one easter i got in my mind that i was allergic to chocolate so i gave @LucyBradleeey all my easter eggs,
RT @majorahowell: üê£ya fav nerd is wishing you a happy Easterüê£ https://t.co/3AR1vOG2l6,
RT @mkarrasndp: Celebrating Easter Saturday~Great group time together. Our children,
"RT @Fred_Delicious: Absolutely disgusting. I remember when Easter Eggs said ""Easter"" on them https://t.co/5MEsl2llcE",
Watching Easter come in with a stormy show of coloured lights at dawn!! Seems appropriate somehow ... #resurrectionfireworks,
Join our Festival Eucharist with Baptisms &amp; Family Easter Egg Hunt at 10.30am tomorrow #EasterSunday,
Join our Festival Eucharist with Baptisms &amp; Family Easter Egg Hunt at 10.30am tomorrow #EasterSunday,
Happy Easter! Be sure to pop by and grab your chocolate fix from us - we'll be open from 6am - 7pm! https://t.co/u6gUZJT8kO,
Join us as we exult in the Resurrection! 	EASTER DAY,
(Evening Standard):#Easter holidaymakers stranded after pilot is arrested for being 'too.. https://t.co/LMBz0qVcQT https://t.co/jbcHDGYI8D,
Celebrate Easter Sunday with Judith Lambden's amazing Bach based piano program 	#piano #classical #visitmelbourne	https://t.co/2jeaWKY21t,
RT @ImranKhanPTI: Wishing all our Christian brethren a happy and safe Easter.,
Where‚Äôs the egg?!	#sunday #easter #eastersunday #eastereggs #holiday #PSHub https://t.co/FsEqMVoOXX,
Remember that Easter Sunday is compulsory closing but not a public holiday. Anyone with a surcharge is having a laugh.,
The Sidemen Easter Eggs‚ù§Ô∏èHope you like themüòä https://t.co/0wC35MVDTF,
RT @CBCNews: Trudeau family spends Easter weekend on Fogo Island,
Happy Easter!		#EasterSunday #HeHasRisen #032716 https://t.co/2OyA3fFsw5,
RT @Australia: Hmmm,
How CUTE is this little chickadee? Learn how you can make one in my #Easter #DIY tutorial! https://t.co/Bi62FQFTNO https://t.co/TcDPNL9CwG,
RT @Trulovesroo: @UtopiaBathrooms It's #competition time again... Retweet &amp; like for your chance to win #FreebieFriday #win #giveaway #East‚Ä¶,
#AlohaKakahiaka! Where will you go this #Easter Weekend? Celebrate and go on a #relaxing‚Ä¶ https://t.co/3rfgBBoVvv,
HAPPY EASTER from the team at Fuller Sports!		#fullersports #easter https://t.co/SFk43oRJiQ,
I liked a @YouTube video from @chadalan01 https://t.co/1y8NlwvBwj Giant Surprise Pi√±ata Easter Egg filled with Toys from Mattel!,
What u mean 2 say,
Happy Easter! üê∞ üòÉüí•,
Scotland police probe killing of Muslim shopkeeper who posted Facebook Easter message to Christians‚Ä¶ https://t.co/Y9t64Gj71R #SocialMedia,
RT @CossaBaldassare: You don't have to pay a penny to read something fun over Easter	https://t.co/j136I05pxW	#ASMSG #RRBC #CR4U,
Happy Easter 2u all .remember Jesus has risen so we may have everlasting life!so as kids easter egg hunt let then know Jesus is the reason,
I liked a @YouTube video from @bkisablenmakeup https://t.co/QDwI3BDZNM Easter Makeup Tutorial || BH Cosmetics,
This goofball @nerdmaidsmg is making Narwal Easter eggs. #crafty https://t.co/9gdjqarD9v,
New nikes and vs underwear Easter present to myself? Don't mind if I doüòè,
RT @rickiegrush: I'm so excited! Family Communion day is tomorrow,
In our blog @PeterGraystone takes another look at Easter: https://t.co/1L0PaWAHvU Why not read it as part of your Easter reflections?,
RT @MGH_8: Happy crew. Golden company. easter. Second rising new beginnings its all about spring. https://t.co/1hZJdBxsPN,
RT @LeShuttle: Our eggcelent giveaway continues! RT and follow us to win today's #Easter egg treats https://t.co/Qp8wPfMyLo  Ts&amp;Cs apply,
#HealthyEats | A cake you and the Easter bunny can agree upon: . https://t.co/zgGP2thvKq https://t.co/Dt1blj2cKP https://t.co/xHbrMUKrSQ,
@InfinixKenya: Are you in Nairobi? YES	Infinix has a #POPandWIN Easter gift https://t.co/8qLbYouuaJ YEs,
Have a great Easter weekend! https://t.co/44zxqsUhK7,
Where are you Sunday brunching  tomorrow? So many good options around town on Easter! https://t.co/bmOgnfpQ4N,
RT @shelbychong: If the Easter Bunny doesn't make it to your house tonight he has a very good explanation https://t.co/M9zdXGnbPL,
Wabula Uganda cranes...!!! U just killed my Easter moods,
RT @Australia: Hmmm,
RT @maxine_sutton: lots of NEW'ness in the shop. Closed tomorrow but open again  Easter Monday 11am - 5pm,
HAPPY EASTER 2016 03-2716	   JESUS IS RISEN ‚ù§‚ù§‚ù§ https://t.co/FBCZfiI3vY,
Most popular Easter candy: https://t.co/CeiJv5CALt,
RT @AEO: #Easter calls for pretty floral dresses! Check out our outfit guide on the blog: https://t.co/xm8rVqxRMt https://t.co/G8Zd8Y5DJ5,
RT @almazan_richard: Phineas &amp; Ferb Eggs for Easter Eggs Hunt for Family/Kids on Easter's Day 2016! Happy Easter Day Weekend! :) https://t.‚Ä¶,
"RT @roddreher: GoFundMe page for family of UK Muslim shopkeeper murdered by fellow Muslim after ""Happy Easter"" message to Xtians: https://t‚Ä¶",
RT @latimes: Where to go for Easter brunch in and around Los Angeles https://t.co/kelx6GnCIl https://t.co/JSgk3m5MqR,
Check out this Easter egg from Chester‚Äôs #Eggerator &amp; design your own for the chance to win $1K! #CheetosEasterEntry https://t.co/U5zHUBsdG5,
RT @Zoella: Absolutely love seeing all your Easter bakes &amp; treats in my mentions. They all look great üòã,
RT @latimes: Where to go for Easter brunch in and around Los Angeles https://t.co/kelx6GnCIl https://t.co/JSgk3m5MqR,
Hang in there @CadburyUK. You're doing a sterling job. (Oh,
RT @ChristnHipster: want to have a gospel-centered easter egg hunt?		hide empty easter eggs to teach kids about Jesus' empty tomb,
Wtf? Lol why are ppl posting things that say happy Easter today! Lol it's tomorrow idiots. Look at a calendar.,
RT @peta: The #Easter Bunny wants you to see this.	https://t.co/2POvZvhLBb,
RT @alzheimerssoc: At Easter many families get together for a meal. Here's our advice on eating &amp; drinking for those with dementia https://‚Ä¶,
Happy Easter! https://t.co/QZMaDm0TeF,
@VirtualRunnerUK Easter run 10k today number 422 https://t.co/qsUMxN3HK0,
Happy Saturday ‚úåüèªÔ∏è #saturday #easter #followme #canada #alberta #canada #demeyes #livingthelife‚Ä¶ https://t.co/jUtITFoAmt,
Tomo is the last chance get your hands on our #Easter platter! $60 for 2 ppl gets you this: https://t.co/JPWT3cp6JW https://t.co/XreecAiDhk,
RT @BarsAndMelody: 20% off all Merch now,
@Polar39er got it,
RT @Mineplex: EASTER GIVEAWAY!	RT &amp; Follow for a chance to win TITAN or 5 BUNNY MORPHS!	Bunny Morph Sale: https://t.co/bNMqttJM9w https://t‚Ä¶,
Happy easter sunday üòÑüç≥üç≥üç≥,
RT @hailary_clinton: My dog was in the Easter parade today üåªüåªüåª https://t.co/i3qX0UtGvR,
RT @GatewayPeople: Happy Saturday everyone! We're so excited to be with you this #Easter weekend! https://t.co/TD1DS9R1vB,
RT @officialbskip: only time I'm easter egg hunting https://t.co/4dgvnKMmqC,
RT @Miss_ENT: Be kind not because it is Easter but because you are human. https://t.co/k5h2Hp094V,
Tomo is the last chance get your hands on our #Easter platter! $60 for 2 ppl gets you this: https://t.co/RPgfsWtBnx https://t.co/nOirVhg2Ie,
Easter Monday @scotproject takes over the club for a huge project party! https://t.co/6sxx0J8HiB,
New Arrivals! In Stores Now!! Locations in bio. 		#Easter #spring #pinup #MarilynMonroe #clothes‚Ä¶ https://t.co/3OMkMQyBt0,
Easter 2016: Wrestling with the¬†Resurrection https://t.co/gEkwWBAyVg,
LAST DAY for the Easter Gift Card Promotion- Get $25 in Gift Cards for only $20. Offer valid through March 26,
RT @KristinFoti: As a woman of faith,
Wishing all our friends and family a Happy Easter this weekend!   #HolbrookAgency https://t.co/FY3x02eDqe,
RT @ExportHiTec: When you the only black guy at Easter dinner https://t.co/boxqZcTgs7,
Going shopping for an Easter Dinner outfit. üòé,
@E_L_James happy Easter,
RT @totalhottea: happy early easter üêáüê∞ https://t.co/uwP6oae7Jf,
RT @coconutmerchant: IT'S COMPETITION TIME!	Simply RT and tell us your favourite Easter treat for your chance to win.	#EasterWeekend https:‚Ä¶,
EASTER: Peace-loving Muslim man i... https://t.co/WdTuJLBNrM via @vibes247ng #vibes247 | https://t.co/4AO5RqRx7y https://t.co/W1rjk8M1CR,
@Ghost_ISR for our easter dinner at my moms.,
#Easter is tomorrow and we're celebrating with BINGO! Come join us: https://t.co/hR5PJ32ojb https://t.co/440aaL28u7,
PatrickWarburton:  Watch @DavidSpade and me be dicks to each other again. On Easter. #Crowded Sunday night.   ... https://t.co/7EGu4tkwtA,
LAST DAY for the Easter Gift Card Promotion- Get $25 in Gift Cards for only $20. Offer valid through March 26,
LAST DAY for the Easter Gift Card Promotion- Get $25 in Gift Cards for only $20. Offer valid through March 26,
RT @Pontifex: To live Easter means to enter into the mystery of Jesus who died and rose for us.,
@fatpunkstudio Happy Easter y'all üíõüê£üíõüê£üíõ,
LAST DAY for the Easter Gift Card Promotion- Get $25 in Gift Cards for only $20. Offer valid through March 26,
On my way to church to sing in our first set of Easter services! #HeIsRisen https://t.co/tNDztuWEgi,
LAST DAY for the Easter Gift Card Promotion- Get $25 in Gift Cards for only $20. Offer valid through March 26,
LAST DAY for the Easter Gift Card Promotion- Get $25 in Gift Cards for only $20. Offer valid through March 26,
@CharlieDaniels Easter!,
Happy easter to u all,
@IKEAWest_Sac will be closing at 6pm on Easter Sunday,
LAST DAY for the Easter Gift Card Promotion- Get $25 in Gift Cards for only $20. Offer valid through March 26,
RT @NigeriaNewsdesk: Easter: Governor Ugwuanyi urges soul searching https://t.co/dmEdMl6GuS via @todayng https://t.co/09aJek5YaD,
"RT @Fred_Delicious: Absolutely disgusting. I remember when Easter Eggs said ""Easter"" on them https://t.co/5MEsl2llcE",
I wish u a happy Easter Sunday as Rise Beat Topboy on behalf of KingSaha we love you all our fans from different... https://t.co/vdTj6ojBHB,
RT @peta: Shortly after birth,
Happy Easter!,
LAST DAY for the Easter Gift Card Promotion- Get $25 in Gift Cards for only $20. Offer valid through March 26,
Just tried on a dress I bought over a month ago. Didn't purchase for Easter but perfect for it. Still fits..crisis averted!,
Fun times at LG's Easter egg hunt! üê∞üê£ https://t.co/tkSwgqY9zZ,
RT @ashishpanchal14: Kids need less than 5 minutes to snag 14000 Easter eggs - Chicago Tribune  https://t.co/9WEWBs31au,